{"mc":{
	"boss":{
		"frameRate":5,
		"events":[
			
			],
		"frames":[
			
			{
			"res":"86C70483",
			"x":0,
			"y":0
			},
			{
			"res":"5D6AB6E9",
			"x":1,
			"y":0
			},
			{
			"res":"BC02A2A6",
			"x":0,
			"y":0
			},
			{
			"res":"25DE7577",
			"x":0,
			"y":0
			},
			{
			"res":"5544C7D9",
			"x":0,
			"y":0
			},
			{
			"res":"AFF81AAF",
			"x":1,
			"y":0
			},
			{
			"res":"C395C12",
			"x":0,
			"y":0
			},
			{
			"res":"B1B5496",
			"x":0,
			"y":0
			}
			]
}},
	"res":{
		"BC02A2A6":{"x":165,"y":113,"w":34,"h":110},
		"25DE7577":{"x":72,"y":111,"w":52,"h":110},
		"86C70483":{"x":1,"y":1,"w":69,"h":109},
		"5544C7D9":{"x":72,"y":1,"w":68,"h":108},
		"C395C12":{"x":126,"y":112,"w":37,"h":106},
		"5D6AB6E9":{"x":198,"y":1,"w":52,"h":110},
		"B1B5496":{"x":142,"y":1,"w":54,"h":109},
		"AFF81AAF":{"x":1,"y":112,"w":52,"h":107}
	}}