{
	"groups":[{
			"keys":"bg_png,egret_icon_png,description_json,coin_json,coin_png,shoe-shaped_png,shoe-shaped_json,chest_png,chest_json,bomb_png,bomb_json,boss_json,boss_png,player_json,player_png,game_bg_png,failed_bg_png",
			"name":"preload"
		}],
	"resources":[
		{
			"name":"bg_png",
			"type":"image",
			"url":"assets/bg.png"
		},
		{
			"name":"egret_icon_png",
			"type":"image",
			"url":"assets/egret_icon.png"
		},
		{
			"name":"description_json",
			"type":"json",
			"url":"config/description.json"
		},
		{
			"name":"coin_png",
			"type":"image",
			"url":"assets/coin.png"
		},
		{
			"name":"shoe-shaped_png",
			"type":"image",
			"url":"assets/shoe-shaped.png"
		},
		{
			"name":"chest_png",
			"type":"image",
			"url":"assets/chest.png"
		},
		{
			"name":"bomb_png",
			"type":"image",
			"url":"assets/bomb.png"
		},
		{
			"name":"coin_json",
			"type":"json",
			"url":"assets/coin.json"
		},
		{
			"name":"shoe-shaped_json",
			"type":"json",
			"url":"assets/shoe-shaped.json"
		},
		{
			"name":"chest_json",
			"type":"json",
			"url":"assets/chest.json"
		},
		{
			"name":"bomb_json",
			"type":"json",
			"url":"assets/bomb.json"
		},
		{
			"name":"boss_json",
			"type":"json",
			"url":"assets/boss.json"
		},
		{
			"name":"boss_png",
			"type":"image",
			"url":"assets/boss.png"
		},
		{
			"name":"player_json",
			"type":"json",
			"url":"assets/player.json"
		},
		{
			"name":"player_png",
			"type":"image",
			"url":"assets/player.png"
		},
		{
			"name":"game_bg_png",
			"type":"image",
			"url":"assets/game_bg.png"
		},
		{
			"name":"failed_bg_png",
			"type":"image",
			"url":"assets/failed_bg.png"
		}
	]
}