{"mc":{
	"coin":{
		"frameRate":10,
		"events":[
			
			],
		"frames":[
			
			{
			"res":"D07708EE",
			"x":15,
			"y":15
			},
			{
			"res":"EAD387B",
			"x":16,
			"y":12
			},
			{
			"res":"6D765D4A",
			"x":11,
			"y":13
			},
			{
			"res":"9C84E028",
			"x":11,
			"y":18
			},
			{
			"res":"E570A4B2",
			"x":16,
			"y":14
			},
			{
			"res":"253865DE",
			"x":15,
			"y":12
			},
			{
			"res":"BD06D5B0",
			"x":11,
			"y":14
			},
			{
			"res":"A7B40E82",
			"x":12,
			"y":18
			}
			]
}},
	"res":{
		"9C84E028":{"x":1,"y":46,"w":44,"h":34},
		"253865DE":{"x":47,"y":44,"w":37,"h":44},
		"6D765D4A":{"x":1,"y":1,"w":44,"h":43},
		"EAD387B":{"x":86,"y":44,"w":35,"h":44},
		"A7B40E82":{"x":1,"y":82,"w":42,"h":33},
		"BD06D5B0":{"x":47,"y":1,"w":44,"h":41},
		"E570A4B2":{"x":93,"y":1,"w":34,"h":40},
		"D07708EE":{"x":45,"y":90,"w":36,"h":38}
	}}