{"mc":{
	"player":{
		"frameRate":10,
		"events":[
			
			],
		"frames":[
			
			{
			"res":"CA600E8A",
			"x":11,
			"y":6
			},
			{
			"res":"6BFE7D78",
			"x":10,
			"y":13
			},
			{
			"res":"C6B74997",
			"x":14,
			"y":10
			},
			{
			"res":"2A6E5C6F",
			"x":20,
			"y":8
			},
			{
			"res":"9360D111",
			"x":21,
			"y":463
			},
			{
			"res":"9876112E",
			"x":6,
			"y":4
			},
			{
			"res":"5174930E",
			"x":8,
			"y":7
			},
			{
			"res":"468BC6EF",
			"x":2,
			"y":12
			},
			{
			"res":"4DE6C972",
			"x":12,
			"y":5
			},
			{
			"res":"4F9B89D5",
			"x":12,
			"y":5
			},
			{
			"res":"6413625A",
			"x":13,
			"y":1
			},
			{
			"res":"1BA3C3F6",
			"x":13,
			"y":3
			}
			]
}},
	"res":{
		"2A6E5C6F":{"x":216,"y":193,"w":101,"h":94},
		"CA600E8A":{"x":1,"y":98,"w":105,"h":95},
		"4DE6C972":{"x":328,"y":1,"w":105,"h":95},
		"4F9B89D5":{"x":112,"y":1,"w":106,"h":97},
		"6413625A":{"x":108,"y":100,"w":106,"h":90},
		"9876112E":{"x":1,"y":1,"w":109,"h":95},
		"1BA3C3F6":{"x":220,"y":98,"w":105,"h":93},
		"5174930E":{"x":220,"y":1,"w":106,"h":95},
		"6BFE7D78":{"x":319,"y":193,"w":105,"h":90},
		"C6B74997":{"x":327,"y":98,"w":103,"h":93},
		"468BC6EF":{"x":108,"y":192,"w":106,"h":90},
		"9360D111":{"x":1,"y":195,"w":100,"h":90}
	}}