{
	"groups":[
	{
		"keys":"bg_jpg,egret_icon_png,description_json,backgroud_png,game_bg_png,game_over_jpg,MainSound_mp3,ClickSound_mp3,SelectSound_mp3,OverSound_mp3",
		"name":"preload"
	}],
	"resources":[
	{
		"name":"bg_jpg",
		"type":"image",
		"url":"assets/bg.jpg"
	},
	{
		"name":"egret_icon_png",
		"type":"image",
		"url":"assets/egret_icon.png"
	},
	{
		"name":"description_json",
		"type":"json",
		"url":"config/description.json"
	},
	{
		"name":"backgroud_png",
		"type":"image",
		"url":"assets/backgroud.png"
	},
	{
		"name":"game_over_jpg",
		"type":"image",
		"url":"assets/game_over.jpg"
	},
	{
		"name":"game_bg_png",
		"type":"image",
		"url":"assets/game_bg.png"
	},
	{
		"name":"MainSound_mp3",
		"type":"sound",
		"url":"assets/MainSound.mp3"
	},
	{
		"name":"ClickSound_mp3",
		"type":"sound",
		"url":"assets/ClickSound.mp3"
	},
	{
		"name":"SelectSound_mp3",
		"type":"sound",
		"url":"assets/SelectSound.mp3"
	},
	{
		"name":"OverSound_mp3",
		"type":"sound",
		"url":"assets/OverSound.mp3"
	}
	]
}